,BlockName,Key,Field,node_id,parent_id,hash
0,90,-183,-113.9921875,,,
1,SCRIPT,,,0,0,
2,event_whenflagclicked,,,1,0,"_er3D{,h]IR9=[wKvHj6"
3,control_forever,,,2,2,:Q5o2Y7TWFq9hLkNtJqM
4,control_if,,,3,3,@XgkaeL6(71c[t*8gc57
5,looks_sayforsecs,,"{""MESSAGE"": [1, [10, ""Hmmm. I""m hungry!""]], ""SECS"": [1, [4, ""1""]]}",4,4,xnn-._uBw/u7/?(Yf]Pt
6,control_if,,,5,3,@XgkaeL6(71c[t*8gc57
7,looks_sayforsecs,,"{""MESSAGE"": [1, [10, ""Hmmm. I""m hungry!""]], ""SECS"": [1, [4, ""1""]]}",6,4,xnn-._uBw/u7/?(Yf]Pt
8,control_if,,,7,3,@XgkaeL6(71c[t*8gc57
9,looks_sayforsecs,,"{""MESSAGE"": [1, [10, ""Hmmm. I""m hungry!""]], ""SECS"": [1, [4, ""1""]]}",8,4,xnn-._uBw/u7/?(Yf]Pt
10,control_if,,,9,3,@XgkaeL6(71c[t*8gc57
11,looks_sayforsecs,,"{""MESSAGE"": [1, [10, ""Hmmm. I""m hungry!""]], ""SECS"": [1, [4, ""1""]]}",10,4,xnn-._uBw/u7/?(Yf]Pt
12,control_if,,,11,3,@XgkaeL6(71c[t*8gc57
13,looks_sayforsecs,,"{""MESSAGE"": [1, [10, ""Hmmm. I""m hungry!""]], ""SECS"": [1, [4, ""1""]]}",12,4,xnn-._uBw/u7/?(Yf]Pt
14,control_if,,,13,3,@XgkaeL6(71c[t*8gc57
15,looks_sayforsecs,,"{""MESSAGE"": [1, [10, ""Hmmm. I""m hungry!""]], ""SECS"": [1, [4, ""1""]]}",14,4,xnn-._uBw/u7/?(Yf]Pt
16,control_if,,,15,3,@XgkaeL6(71c[t*8gc57
17,looks_sayforsecs,,"{""MESSAGE"": [1, [10, ""Hmmm. I""m hungry!""]], ""SECS"": [1, [4, ""1""]]}",16,4,xnn-._uBw/u7/?(Yf]Pt
18,control_if,,,17,3,@XgkaeL6(71c[t*8gc57
19,looks_sayforsecs,,"{""MESSAGE"": [1, [10, ""Hmmm. I""m hungry!""]], ""SECS"": [1, [4, ""1""]]}",18,4,xnn-._uBw/u7/?(Yf]Pt
20,control_if,,,19,3,@XgkaeL6(71c[t*8gc57
21,looks_sayforsecs,,"{""MESSAGE"": [1, [10, ""Hmmm. I""m hungry!""]], ""SECS"": [1, [4, ""1""]]}",20,4,xnn-._uBw/u7/?(Yf]Pt
22,control_if,,,21,3,@XgkaeL6(71c[t*8gc57
23,looks_sayforsecs,,"{""MESSAGE"": [1, [10, ""Hmmm. I""m hungry!""]], ""SECS"": [1, [4, ""1""]]}",22,4,xnn-._uBw/u7/?(Yf]Pt
24,control_if,,,23,3,@XgkaeL6(71c[t*8gc57
25,looks_sayforsecs,,"{""MESSAGE"": [1, [10, ""Hmmm. I""m hungry!""]], ""SECS"": [1, [4, ""1""]]}",24,4,xnn-._uBw/u7/?(Yf]Pt
26,control_if,,,25,3,@XgkaeL6(71c[t*8gc57
27,looks_sayforsecs,,"{""MESSAGE"": [1, [10, ""Hmmm. I""m hungry!""]], ""SECS"": [1, [4, ""1""]]}",26,4,xnn-._uBw/u7/?(Yf]Pt
28,control_if,,,27,3,@XgkaeL6(71c[t*8gc57
29,looks_sayforsecs,,"{""MESSAGE"": [1, [10, ""Hmmm. I""m hungry!""]], ""SECS"": [1, [4, ""1""]]}",28,4,xnn-._uBw/u7/?(Yf]Pt
30,control_if,,,29,3,@XgkaeL6(71c[t*8gc57
31,looks_sayforsecs,,"{""MESSAGE"": [1, [10, ""Hmmm. I""m hungry!""]], ""SECS"": [1, [4, ""1""]]}",30,4,xnn-._uBw/u7/?(Yf]Pt
32,control_if,,,31,3,@XgkaeL6(71c[t*8gc57
33,looks_sayforsecs,,"{""MESSAGE"": [1, [10, ""Hmmm. I""m hungry!""]], ""SECS"": [1, [4, ""1""]]}",32,4,xnn-._uBw/u7/?(Yf]Pt
34,control_if,,,33,3,@XgkaeL6(71c[t*8gc57
35,looks_sayforsecs,,"{""MESSAGE"": [1, [10, ""Hmmm. I""m hungry!""]], ""SECS"": [1, [4, ""1""]]}",34,4,xnn-._uBw/u7/?(Yf]Pt
36,control_if,,,35,3,@XgkaeL6(71c[t*8gc57
37,looks_sayforsecs,,"{""MESSAGE"": [1, [10, ""Hmmm. I""m hungry!""]], ""SECS"": [1, [4, ""1""]]}",36,4,xnn-._uBw/u7/?(Yf]Pt
38,control_if,,,37,3,@XgkaeL6(71c[t*8gc57
39,looks_sayforsecs,,"{""MESSAGE"": [1, [10, ""Hmmm. I""m hungry!""]], ""SECS"": [1, [4, ""1""]]}",38,4,xnn-._uBw/u7/?(Yf]Pt
40,control_if,,,39,3,@XgkaeL6(71c[t*8gc57
41,looks_sayforsecs,,"{""MESSAGE"": [1, [10, ""Hmmm. I""m hungry!""]], ""SECS"": [1, [4, ""1""]]}",40,4,xnn-._uBw/u7/?(Yf]Pt
42,control_if,,,41,3,@XgkaeL6(71c[t*8gc57
43,looks_sayforsecs,,"{""MESSAGE"": [1, [10, ""Hmmm. I""m hungry!""]], ""SECS"": [1, [4, ""1""]]}",42,4,xnn-._uBw/u7/?(Yf]Pt
44,control_if,,,43,3,@XgkaeL6(71c[t*8gc57
45,looks_sayforsecs,,"{""MESSAGE"": [1, [10, ""Hmmm. I""m hungry!""]], ""SECS"": [1, [4, ""1""]]}",44,4,xnn-._uBw/u7/?(Yf]Pt
46,control_if,,,45,3,@XgkaeL6(71c[t*8gc57
47,looks_sayforsecs,,"{""MESSAGE"": [1, [10, ""Hmmm. I""m hungry!""]], ""SECS"": [1, [4, ""1""]]}",46,4,xnn-._uBw/u7/?(Yf]Pt
48,control_if,,,47,3,@XgkaeL6(71c[t*8gc57
49,looks_sayforsecs,,"{""MESSAGE"": [1, [10, ""Hmmm. I""m hungry!""]], ""SECS"": [1, [4, ""1""]]}",48,4,xnn-._uBw/u7/?(Yf]Pt
50,control_if,,,49,3,@XgkaeL6(71c[t*8gc57
51,looks_sayforsecs,,"{""MESSAGE"": [1, [10, ""Hmmm. I""m hungry!""]], ""SECS"": [1, [4, ""1""]]}",50,4,xnn-._uBw/u7/?(Yf]Pt
52,control_if,,,51,3,@XgkaeL6(71c[t*8gc57
53,looks_sayforsecs,,"{""MESSAGE"": [1, [10, ""Hmmm. I""m hungry!""]], ""SECS"": [1, [4, ""1""]]}",52,4,xnn-._uBw/u7/?(Yf]Pt
54,control_if,,,53,3,@XgkaeL6(71c[t*8gc57
55,looks_sayforsecs,,"{""MESSAGE"": [1, [10, ""Hmmm. I""m hungry!""]], ""SECS"": [1, [4, ""1""]]}",54,4,xnn-._uBw/u7/?(Yf]Pt
56,control_if,,,55,3,@XgkaeL6(71c[t*8gc57
57,looks_sayforsecs,,"{""MESSAGE"": [1, [10, ""Hmmm. I""m hungry!""]], ""SECS"": [1, [4, ""1""]]}",56,4,xnn-._uBw/u7/?(Yf]Pt
58,control_if,,,57,3,@XgkaeL6(71c[t*8gc57
59,looks_sayforsecs,,"{""MESSAGE"": [1, [10, ""Hmmm. I""m hungry!""]], ""SECS"": [1, [4, ""1""]]}",58,4,xnn-._uBw/u7/?(Yf]Pt
60,control_if,,,59,3,@XgkaeL6(71c[t*8gc57
61,looks_sayforsecs,,"{""MESSAGE"": [1, [10, ""Hmmm. I""m hungry!""]], ""SECS"": [1, [4, ""1""]]}",60,4,xnn-._uBw/u7/?(Yf]Pt
62,control_if,,,61,3,@XgkaeL6(71c[t*8gc57
63,looks_sayforsecs,,"{""MESSAGE"": [1, [10, ""Hmmm. I""m hungry!""]], ""SECS"": [1, [4, ""1""]]}",62,4,xnn-._uBw/u7/?(Yf]Pt
